USE marktwerking ;
-- MySQL dump 10.13  Distrib 8.0.26, for Linux (x86_64)
--
-- Host: localhost    Database: marktwerking
-- ------------------------------------------------------
-- Server version	8.0.26-0ubuntu0.20.04.2

/*!40101 SET @OLD_CHARACTER_SET_CLIENT=@@CHARACTER_SET_CLIENT */;
/*!40101 SET @OLD_CHARACTER_SET_RESULTS=@@CHARACTER_SET_RESULTS */;
/*!40101 SET @OLD_COLLATION_CONNECTION=@@COLLATION_CONNECTION */;
/*!50503 SET NAMES utf8mb4 */;
/*!40103 SET @OLD_TIME_ZONE=@@TIME_ZONE */;
/*!40103 SET TIME_ZONE='+00:00' */;
/*!40014 SET @OLD_UNIQUE_CHECKS=@@UNIQUE_CHECKS, UNIQUE_CHECKS=0 */;
/*!40014 SET @OLD_FOREIGN_KEY_CHECKS=@@FOREIGN_KEY_CHECKS, FOREIGN_KEY_CHECKS=0 */;
/*!40101 SET @OLD_SQL_MODE=@@SQL_MODE, SQL_MODE='NO_AUTO_VALUE_ON_ZERO' */;
/*!40111 SET @OLD_SQL_NOTES=@@SQL_NOTES, SQL_NOTES=0 */;

--
-- Table structure for table `categories`
--

DROP TABLE IF EXISTS `categories`;
/*!40101 SET @saved_cs_client     = @@character_set_client */;
/*!50503 SET character_set_client = utf8mb4 */;
CREATE TABLE `categories` (
  `id` int unsigned NOT NULL AUTO_INCREMENT,
  `name` varchar(64) NOT NULL,
  PRIMARY KEY (`id`),
  KEY `name` (`name`)
) ENGINE=InnoDB AUTO_INCREMENT=5 DEFAULT CHARSET=latin1;
/*!40101 SET character_set_client = @saved_cs_client */;

--
-- Dumping data for table `categories`
--

LOCK TABLES `categories` WRITE;
/*!40000 ALTER TABLE `categories` DISABLE KEYS */;
INSERT INTO `categories` VALUES (2,'Bier (fles)'),(3,'Bier (tap)'),(1,'Fris'),(4,'Sterk');
/*!40000 ALTER TABLE `categories` ENABLE KEYS */;
UNLOCK TABLES;

--
-- Table structure for table `drink_category`
--

DROP TABLE IF EXISTS `drink_category`;
/*!40101 SET @saved_cs_client     = @@character_set_client */;
/*!50503 SET character_set_client = utf8mb4 */;
CREATE TABLE `drink_category` (
  `drink_id` int unsigned NOT NULL,
  `category_id` int unsigned NOT NULL,
  UNIQUE KEY `index` (`drink_id`,`category_id`),
  KEY `category_fk` (`category_id`),
  CONSTRAINT `category_fk` FOREIGN KEY (`category_id`) REFERENCES `categories` (`id`) ON DELETE CASCADE ON UPDATE CASCADE,
  CONSTRAINT `drink_fk` FOREIGN KEY (`drink_id`) REFERENCES `drinks` (`id`) ON DELETE CASCADE ON UPDATE CASCADE
) ENGINE=InnoDB DEFAULT CHARSET=latin1;
/*!40101 SET character_set_client = @saved_cs_client */;

--
-- Dumping data for table `drink_category`
--

LOCK TABLES `drink_category` WRITE;
/*!40000 ALTER TABLE `drink_category` DISABLE KEYS */;
INSERT INTO `drink_category` VALUES (1,1),(3,2),(4,2),(2,3),(5,3),(6,3),(7,4),(8,4),(9,4),(10,4),(11,4);
/*!40000 ALTER TABLE `drink_category` ENABLE KEYS */;
UNLOCK TABLES;

--
-- Table structure for table `drinks`
--

DROP TABLE IF EXISTS `drinks`;
/*!40101 SET @saved_cs_client     = @@character_set_client */;
/*!50503 SET character_set_client = utf8mb4 */;
CREATE TABLE `drinks` (
  `id` int unsigned NOT NULL AUTO_INCREMENT,
  `name` varchar(255) NOT NULL,
  `start_price` decimal(8,2) unsigned DEFAULT NULL,
  `minimum_price` decimal(8,2) unsigned DEFAULT NULL,
  `active` tinyint(1) NOT NULL DEFAULT '1',
  PRIMARY KEY (`id`),
  KEY `active` (`active`),
  KEY `name` (`name`)
) ENGINE=InnoDB AUTO_INCREMENT=12 DEFAULT CHARSET=latin1 ROW_FORMAT=DYNAMIC;
/*!40101 SET character_set_client = @saved_cs_client */;

--
-- Dumping data for table `drinks`
--

LOCK TABLES `drinks` WRITE;
/*!40000 ALTER TABLE `drinks` DISABLE KEYS */;
INSERT INTO `drinks` VALUES (1,'Fris',0.80,0.50,1),(2,'Pils (Vaasje)',1.00,0.80,1),(3,'Savannah',2.20,1.40,1),(4,'Max Kriek',1.70,1.10,1),(5,'Palm (Vaasje)',2.00,1.60,1),(6,'Witte trappist (Vaasje)',2.20,1.55,1),(7,'Wodka',1.80,1.05,1),(8,'Gin',1.70,1.05,1),(9,'Cpt. Morgan',1.60,1.05,1),(10,'Coebergh',1.50,1.05,1),(11,'Dooleys Toffee',1.70,1.05,1);
/*!40000 ALTER TABLE `drinks` ENABLE KEYS */;
UNLOCK TABLES;

--
-- Temporary view structure for view `order_history`
--

DROP TABLE IF EXISTS `order_history`;
/*!50001 DROP VIEW IF EXISTS `order_history`*/;
SET @saved_cs_client     = @@character_set_client;
/*!50503 SET character_set_client = utf8mb4 */;
/*!50001 CREATE VIEW `order_history` AS SELECT 
 1 AS `drink_id`,
 1 AS `amount`,
 1 AS `timeframe`*/;
SET character_set_client = @saved_cs_client;

--
-- Table structure for table `orders`
--

DROP TABLE IF EXISTS `orders`;
/*!40101 SET @saved_cs_client     = @@character_set_client */;
/*!50503 SET character_set_client = utf8mb4 */;
CREATE TABLE `orders` (
  `id` int unsigned NOT NULL AUTO_INCREMENT,
  `drink_id` int unsigned NOT NULL,
  `amount` int unsigned NOT NULL,
  `date` datetime NOT NULL,
  PRIMARY KEY (`id`),
  KEY `drink_id` (`drink_id`),
  KEY `date` (`date`)
) ENGINE=InnoDB AUTO_INCREMENT=368 DEFAULT CHARSET=latin1;
/*!40101 SET character_set_client = @saved_cs_client */;

--
-- Dumping data for table `orders`
--

LOCK TABLES `orders` WRITE;
/*!40000 ALTER TABLE `orders` DISABLE KEYS */;
INSERT INTO `orders` VALUES (1,2,2,'2019-09-05 20:31:06'),(2,4,1,'2019-09-05 20:31:24'),(3,2,2,'2019-09-05 20:31:42'),(4,2,1,'2019-09-05 20:31:47'),(5,11,1,'2019-09-05 20:32:21'),(6,1,3,'2019-09-05 20:32:55'),(7,2,1,'2019-09-05 20:33:03'),(8,2,1,'2019-09-05 20:34:19'),(9,2,2,'2019-09-05 20:34:32'),(10,3,1,'2019-09-05 20:36:52'),(11,5,1,'2019-09-05 20:38:03'),(12,6,1,'2019-09-05 20:38:34'),(13,9,4,'2019-09-05 20:41:13'),(14,9,1,'2019-09-05 20:41:23'),(15,7,1,'2019-09-05 20:41:41'),(16,9,1,'2019-09-05 20:42:11'),(17,1,1,'2019-09-05 20:42:11'),(18,11,1,'2019-09-05 20:42:57'),(19,11,1,'2019-09-05 20:43:36'),(20,7,6,'2019-09-05 20:44:23'),(21,6,1,'2019-09-05 20:44:25'),(22,10,1,'2019-09-05 20:45:01'),(23,11,1,'2019-09-05 20:45:01'),(24,9,1,'2019-09-05 20:45:25'),(25,1,1,'2019-09-05 20:45:25'),(26,9,2,'2019-09-05 20:46:05'),(27,4,1,'2019-09-05 20:46:21'),(28,9,1,'2019-09-05 20:46:32'),(29,1,1,'2019-09-05 20:46:32'),(30,11,1,'2019-09-05 20:47:09'),(31,8,4,'2019-09-05 20:47:24'),(32,11,2,'2019-09-05 20:48:06'),(33,8,2,'2019-09-05 20:48:14'),(34,11,2,'2019-09-05 20:49:22'),(35,7,6,'2019-09-05 20:49:47'),(36,8,1,'2019-09-05 20:49:51'),(37,6,1,'2019-09-05 20:50:21'),(38,3,1,'2019-09-05 20:51:03'),(39,11,2,'2019-09-05 20:51:03'),(40,5,1,'2019-09-05 20:51:12'),(41,3,1,'2019-09-05 20:51:12'),(42,3,3,'2019-09-05 20:52:08'),(43,4,1,'2019-09-05 20:52:10'),(44,10,1,'2019-09-05 20:52:27'),(45,3,2,'2019-09-05 20:52:51'),(46,3,1,'2019-09-05 20:52:59'),(47,4,2,'2019-09-05 20:53:23'),(48,6,1,'2019-09-05 20:53:40'),(49,11,3,'2019-09-05 20:53:50'),(50,3,1,'2019-09-05 20:54:31'),(51,4,1,'2019-09-05 20:54:31'),(52,11,4,'2019-09-05 20:54:39'),(53,11,2,'2019-09-05 20:55:19'),(54,3,1,'2019-09-05 20:55:27'),(55,3,2,'2019-09-05 20:55:42'),(56,5,1,'2019-09-05 20:55:42'),(57,3,3,'2019-09-05 20:56:14'),(58,6,2,'2019-09-05 20:56:15'),(59,3,2,'2019-09-05 20:56:58'),(60,4,2,'2019-09-05 20:56:58'),(61,11,2,'2019-09-05 20:57:04'),(62,11,1,'2019-09-05 20:57:49'),(63,10,2,'2019-09-05 20:57:49'),(64,4,1,'2019-09-05 20:58:06'),(65,11,3,'2019-09-05 20:58:08'),(66,3,1,'2019-09-05 20:58:29'),(67,6,1,'2019-09-05 20:59:26'),(68,3,3,'2019-09-05 20:59:26'),(69,4,1,'2019-09-05 20:59:26'),(70,3,1,'2019-09-05 20:59:31'),(71,10,2,'2019-09-05 20:59:45'),(72,5,1,'2019-09-05 20:59:53'),(73,11,1,'2019-09-05 20:59:53'),(74,2,5,'2019-09-05 21:00:54'),(75,2,4,'2019-09-05 21:01:04'),(76,1,5,'2019-09-05 21:02:01'),(77,2,1,'2019-09-05 21:02:01'),(78,1,4,'2019-09-05 21:02:14'),(79,11,1,'2019-09-05 21:02:24'),(80,1,1,'2019-09-05 21:03:07'),(81,9,1,'2019-09-05 21:03:07'),(82,2,4,'2019-09-05 21:03:49'),(83,10,1,'2019-09-05 21:04:42'),(84,1,1,'2019-09-05 21:04:42'),(85,9,1,'2019-09-05 21:04:42'),(86,8,8,'2019-09-05 21:04:56'),(87,1,8,'2019-09-05 21:04:56'),(88,2,2,'2019-09-05 21:05:36'),(89,8,1,'2019-09-05 21:05:43'),(90,1,1,'2019-09-05 21:05:43'),(91,8,2,'2019-09-05 21:06:20'),(92,1,2,'2019-09-05 21:06:20'),(93,4,1,'2019-09-05 21:06:35'),(94,1,1,'2019-09-05 21:06:35'),(95,2,3,'2019-09-05 21:06:54'),(96,8,4,'2019-09-05 21:08:11'),(97,1,4,'2019-09-05 21:08:11'),(98,8,4,'2019-09-05 21:08:14'),(99,1,4,'2019-09-05 21:08:14'),(100,1,1,'2019-09-05 21:08:24'),(101,8,2,'2019-09-05 21:08:41'),(102,1,1,'2019-09-05 21:08:41'),(103,10,1,'2019-09-05 21:09:34'),(104,11,1,'2019-09-05 21:09:34'),(105,8,2,'2019-09-05 21:09:44'),(106,1,3,'2019-09-05 21:09:44'),(107,8,2,'2019-09-05 21:10:36'),(108,1,2,'2019-09-05 21:10:36'),(109,6,1,'2019-09-05 21:11:15'),(110,4,2,'2019-09-05 21:11:40'),(111,11,2,'2019-09-05 21:12:01'),(112,9,2,'2019-09-05 21:12:29'),(113,4,1,'2019-09-05 21:12:45'),(114,10,4,'2019-09-05 21:12:49'),(115,11,3,'2019-09-05 21:13:14'),(116,11,1,'2019-09-05 21:13:32'),(117,7,1,'2019-09-05 21:13:32'),(118,1,2,'2019-09-05 21:14:09'),(119,7,3,'2019-09-05 21:14:09'),(120,5,3,'2019-09-05 21:14:20'),(121,10,1,'2019-09-05 21:15:16'),(122,7,1,'2019-09-05 21:15:16'),(123,9,1,'2019-09-05 21:15:16'),(124,10,2,'2019-09-05 21:15:23'),(125,1,1,'2019-09-05 21:15:23'),(126,11,1,'2019-09-05 21:16:18'),(127,10,2,'2019-09-05 21:16:18'),(128,9,1,'2019-09-05 21:16:18'),(129,8,2,'2019-09-05 21:16:23'),(130,1,1,'2019-09-05 21:16:23'),(131,7,2,'2019-09-05 21:17:05'),(132,4,1,'2019-09-05 21:17:05'),(133,11,1,'2019-09-05 21:17:32'),(134,6,5,'2019-09-05 21:18:21'),(135,7,4,'2019-09-05 21:18:32'),(136,2,1,'2019-09-05 21:18:53'),(137,10,2,'2019-09-05 21:19:08'),(138,1,1,'2019-09-05 21:19:08'),(139,11,2,'2019-09-05 21:19:25'),(140,7,2,'2019-09-05 21:19:59'),(141,1,1,'2019-09-05 21:19:59'),(142,4,1,'2019-09-05 21:20:03'),(143,2,3,'2019-09-05 21:20:43'),(144,2,1,'2019-09-05 21:20:46'),(145,2,4,'2019-09-05 21:21:17'),(146,2,5,'2019-09-05 21:21:27'),(147,9,2,'2019-09-05 21:22:16'),(148,1,1,'2019-09-05 21:22:16'),(149,9,2,'2019-09-05 21:22:28'),(150,1,2,'2019-09-05 21:22:28'),(151,9,1,'2019-09-05 21:22:57'),(152,9,2,'2019-09-05 21:23:03'),(153,2,2,'2019-09-05 21:23:20'),(154,2,1,'2019-09-05 21:23:36'),(155,2,2,'2019-09-05 21:23:40'),(156,2,1,'2019-09-05 21:24:10'),(157,2,2,'2019-09-05 21:24:14'),(158,2,1,'2019-09-05 21:24:32'),(159,4,1,'2019-09-05 21:24:43'),(160,2,1,'2019-09-05 21:25:09'),(161,2,3,'2019-09-05 21:25:57'),(162,9,1,'2019-09-05 21:26:40'),(163,1,1,'2019-09-05 21:26:40'),(164,2,2,'2019-09-05 21:26:44'),(165,9,1,'2019-09-05 21:26:48'),(166,2,1,'2019-09-05 21:27:13'),(167,5,1,'2019-09-05 21:28:29'),(168,11,1,'2019-09-05 21:28:43'),(169,2,1,'2019-09-05 21:29:14'),(170,4,1,'2019-09-05 21:30:36'),(171,7,1,'2019-09-05 21:30:53'),(172,7,2,'2019-09-05 21:31:13'),(173,6,1,'2019-09-05 21:31:44'),(174,11,1,'2019-09-05 21:32:01'),(175,7,4,'2019-09-05 21:32:57'),(176,7,1,'2019-09-05 21:33:16'),(177,11,1,'2019-09-05 21:33:31'),(178,10,3,'2019-09-05 21:33:31'),(179,1,1,'2019-09-05 21:33:31'),(180,7,3,'2019-09-05 21:34:20'),(181,1,1,'2019-09-05 21:34:44'),(182,8,3,'2019-09-05 21:34:44'),(183,5,1,'2019-09-05 21:35:05'),(184,11,1,'2019-09-05 21:35:47'),(185,7,1,'2019-09-05 21:35:47'),(186,1,1,'2019-09-05 21:35:47'),(187,10,1,'2019-09-05 21:36:00'),(188,1,1,'2019-09-05 21:36:37'),(189,8,1,'2019-09-05 21:36:37'),(190,10,2,'2019-09-05 21:36:50'),(191,2,1,'2019-09-05 21:37:19'),(192,7,2,'2019-09-05 21:37:47'),(193,1,1,'2019-09-05 21:37:47'),(194,6,1,'2019-09-05 21:37:49'),(195,4,1,'2019-09-05 21:38:16'),(196,5,1,'2019-09-05 21:38:42'),(197,4,1,'2019-09-05 21:39:15'),(198,7,1,'2019-09-05 21:39:35'),(199,1,1,'2019-09-05 21:39:35'),(200,4,2,'2019-09-05 21:39:46'),(201,7,1,'2019-09-05 21:40:05'),(202,2,2,'2019-09-05 21:40:55'),(203,9,1,'2019-09-05 21:41:16'),(204,9,1,'2019-09-05 21:41:18'),(205,10,1,'2019-09-05 21:41:52'),(206,1,1,'2019-09-05 21:42:06'),(207,4,1,'2019-09-05 21:42:12'),(208,1,2,'2019-09-05 21:43:18'),(209,8,2,'2019-09-05 21:43:18'),(210,9,2,'2019-09-05 21:43:20'),(211,6,2,'2019-09-05 21:44:03'),(212,1,2,'2019-09-05 21:44:44'),(213,10,2,'2019-09-05 21:44:44'),(214,8,4,'2019-09-05 21:44:46'),(215,4,1,'2019-09-05 21:45:18'),(216,8,1,'2019-09-05 21:45:34'),(217,1,1,'2019-09-05 21:45:34'),(218,4,1,'2019-09-05 21:45:34'),(219,4,1,'2019-09-05 21:45:43'),(220,5,2,'2019-09-05 21:46:22'),(221,10,2,'2019-09-05 21:46:33'),(222,1,2,'2019-09-05 21:46:33'),(223,4,1,'2019-09-05 21:46:53'),(224,10,1,'2019-09-05 21:47:15'),(225,9,1,'2019-09-05 21:47:15'),(226,1,1,'2019-09-05 21:47:15'),(227,9,1,'2019-09-05 21:47:49'),(228,10,1,'2019-09-05 21:47:49'),(229,10,2,'2019-09-05 21:48:31'),(230,8,2,'2019-09-05 21:48:31'),(231,9,2,'2019-09-05 21:48:53'),(232,10,1,'2019-09-05 21:50:07'),(233,9,2,'2019-09-05 21:50:07'),(234,8,1,'2019-09-05 21:50:07'),(235,1,1,'2019-09-05 21:50:07'),(236,2,4,'2019-09-05 21:50:36'),(237,4,2,'2019-09-05 21:50:46'),(238,2,2,'2019-09-05 21:51:30'),(239,3,4,'2019-09-05 21:51:36'),(240,3,2,'2019-09-05 21:51:48'),(241,3,3,'2019-09-05 21:52:22'),(242,3,5,'2019-09-05 21:52:31'),(243,3,1,'2019-09-05 21:53:00'),(244,2,2,'2019-09-05 21:53:01'),(245,3,4,'2019-09-05 21:53:26'),(246,3,5,'2019-09-05 21:53:50'),(247,3,2,'2019-09-05 21:54:03'),(248,3,2,'2019-09-05 21:54:31'),(249,2,3,'2019-09-05 21:54:35'),(250,3,2,'2019-09-05 21:54:57'),(251,2,2,'2019-09-05 21:55:02'),(252,3,2,'2019-09-05 21:55:25'),(253,3,1,'2019-09-05 21:55:30'),(254,3,2,'2019-09-05 21:55:38'),(255,4,2,'2019-09-05 21:55:38'),(256,3,1,'2019-09-05 21:55:46'),(257,3,3,'2019-09-05 21:56:29'),(258,5,1,'2019-09-05 21:56:50'),(259,1,1,'2019-09-05 21:57:15'),(260,2,4,'2019-09-05 21:57:30'),(261,4,1,'2019-09-05 21:57:48'),(262,3,4,'2019-09-05 21:58:08'),(263,4,1,'2019-09-05 21:58:21'),(264,6,4,'2019-09-05 21:58:21'),(265,5,1,'2019-09-05 21:58:26'),(266,4,1,'2019-09-05 21:59:01'),(267,3,2,'2019-09-05 21:59:23'),(268,5,2,'2019-09-05 21:59:39'),(269,3,1,'2019-09-05 21:59:47'),(270,3,1,'2019-09-05 22:00:05'),(271,4,1,'2019-09-05 22:01:04'),(272,8,2,'2019-09-05 22:01:04'),(273,7,2,'2019-09-05 22:01:12'),(274,2,1,'2019-09-05 22:01:12'),(275,4,2,'2019-09-05 22:01:23'),(276,4,2,'2019-09-05 22:01:48'),(277,9,2,'2019-09-05 22:02:12'),(278,1,2,'2019-09-05 22:02:12'),(279,1,1,'2019-09-05 22:02:35'),(280,9,1,'2019-09-05 22:03:01'),(281,8,1,'2019-09-05 22:03:01'),(282,1,2,'2019-09-05 22:03:01'),(283,1,1,'2019-09-05 22:03:25'),(284,9,2,'2019-09-05 22:03:25'),(285,10,1,'2019-09-05 22:03:34'),(286,10,2,'2019-09-05 22:03:54'),(287,4,1,'2019-09-05 22:04:24'),(288,8,2,'2019-09-05 22:04:32'),(289,1,1,'2019-09-05 22:04:32'),(290,9,1,'2019-09-05 22:05:12'),(291,1,1,'2019-09-05 22:05:12'),(292,4,1,'2019-09-05 22:05:29'),(293,10,2,'2019-09-05 22:05:45'),(294,1,1,'2019-09-05 22:06:08'),(295,4,1,'2019-09-05 22:06:08'),(296,4,1,'2019-09-05 22:06:27'),(297,1,2,'2019-09-05 22:06:31'),(298,9,1,'2019-09-05 22:07:19'),(299,1,1,'2019-09-05 22:07:19'),(300,10,2,'2019-09-05 22:07:29'),(301,4,2,'2019-09-05 22:07:29'),(302,8,2,'2019-09-05 22:08:04'),(303,1,2,'2019-09-05 22:08:04'),(304,9,1,'2019-09-05 22:08:50'),(305,10,1,'2019-09-05 22:08:50'),(306,1,1,'2019-09-05 22:08:50'),(307,9,2,'2019-09-05 22:09:00'),(308,1,1,'2019-09-05 22:09:00'),(309,1,1,'2019-09-05 22:10:10'),(310,5,1,'2019-09-05 22:10:51'),(311,5,2,'2019-09-05 22:11:15'),(312,4,1,'2019-09-05 22:11:15'),(313,8,2,'2019-09-05 22:11:46'),(314,1,2,'2019-09-05 22:11:46'),(315,8,1,'2019-09-05 22:11:58'),(316,10,1,'2019-09-05 22:11:58'),(317,7,1,'2019-09-05 22:11:58'),(318,5,1,'2019-09-05 22:12:03'),(319,2,2,'2019-09-05 22:12:31'),(320,7,6,'2019-09-05 22:13:25'),(321,7,5,'2019-09-05 22:13:30'),(322,8,1,'2019-09-05 22:13:30'),(323,7,2,'2019-09-05 22:13:58'),(324,8,3,'2019-09-05 22:14:21'),(325,10,1,'2019-09-05 22:14:36'),(326,7,1,'2019-09-05 22:14:36'),(327,4,1,'2019-09-05 22:15:33'),(328,7,1,'2019-09-05 22:15:42'),(329,4,1,'2019-09-05 22:15:42'),(330,8,1,'2019-09-05 22:16:27'),(331,1,1,'2019-09-05 22:16:27'),(332,2,2,'2019-09-05 22:16:28'),(333,10,2,'2019-09-05 22:17:21'),(334,1,2,'2019-09-05 22:17:21'),(335,2,1,'2019-09-05 22:18:27'),(336,6,2,'2019-09-05 22:18:57'),(337,7,1,'2019-09-05 22:19:55'),(338,10,1,'2019-09-05 22:19:55'),(339,6,1,'2019-09-05 22:21:02'),(340,9,2,'2019-09-05 22:21:11'),(341,9,3,'2019-09-05 22:21:54'),(342,5,1,'2019-09-05 22:22:29'),(343,10,5,'2019-09-05 22:23:10'),(344,9,2,'2019-09-05 22:23:22'),(345,5,2,'2019-09-05 22:23:22'),(346,9,1,'2019-09-05 22:23:40'),(347,1,1,'2019-09-05 22:24:24'),(348,9,1,'2019-09-05 22:24:24'),(349,4,1,'2019-09-05 22:24:51'),(350,5,1,'2019-09-05 22:24:51'),(351,9,2,'2019-09-05 22:25:21'),(352,5,2,'2019-09-05 22:25:30'),(353,8,2,'2019-09-05 22:25:48'),(354,4,1,'2019-09-05 22:25:48'),(355,6,1,'2019-09-05 22:26:28'),(356,5,1,'2019-09-05 22:27:02'),(357,8,1,'2019-09-05 22:27:18'),(358,9,1,'2019-09-05 22:27:18'),(359,1,1,'2019-09-05 22:27:18'),(360,2,1,'2019-09-05 22:27:18'),(361,3,1,'2019-09-05 22:27:58'),(362,6,1,'2019-09-05 22:28:44'),(363,5,2,'2019-09-05 22:29:51'),(364,9,2,'2019-09-05 22:29:51'),(365,1,1,'2019-09-05 22:29:51'),(366,2,2,'2019-09-05 22:30:06'),(367,7,1,'2019-09-05 22:30:06');
/*!40000 ALTER TABLE `orders` ENABLE KEYS */;
UNLOCK TABLES;

--
-- Table structure for table `settings`
--

DROP TABLE IF EXISTS `settings`;
/*!40101 SET @saved_cs_client     = @@character_set_client */;
/*!50503 SET character_set_client = utf8mb4 */;
CREATE TABLE `settings` (
  `setting` varchar(32) NOT NULL,
  `value` varchar(255) NOT NULL,
  PRIMARY KEY (`setting`)
) ENGINE=InnoDB DEFAULT CHARSET=latin1;
/*!40101 SET character_set_client = @saved_cs_client */;

--
-- Dumping data for table `settings`
--

LOCK TABLES `settings` WRITE;
/*!40000 ALTER TABLE `settings` DISABLE KEYS */;
INSERT INTO `settings` VALUES ('limit','0'),('mode','1'),('time_round','10'),('time_total','2');
/*!40000 ALTER TABLE `settings` ENABLE KEYS */;
UNLOCK TABLES;

--
-- Final view structure for view `order_history`
--

/*!50001 DROP VIEW IF EXISTS `order_history`*/;
/*!50001 SET @saved_cs_client          = @@character_set_client */;
/*!50001 SET @saved_cs_results         = @@character_set_results */;
/*!50001 SET @saved_col_connection     = @@collation_connection */;
/*!50001 SET character_set_client      = utf8mb4 */;
/*!50001 SET character_set_results     = utf8mb4 */;
/*!50001 SET collation_connection      = utf8mb4_general_ci */;
/*!50001 CREATE ALGORITHM=UNDEFINED */
/*!50013 DEFINER=`root`@`localhost` SQL SECURITY DEFINER */
/*!50001 VIEW `order_history` AS select `orders`.`drink_id` AS `drink_id`,sum(`orders`.`amount`) AS `amount`,floor((unix_timestamp(`orders`.`date`) / (10 * 60))) AS `timeframe` from `orders` group by `orders`.`drink_id`,floor((unix_timestamp(`orders`.`date`) / (10 * 60))) order by floor((unix_timestamp(`orders`.`date`) / (10 * 60))) */;
/*!50001 SET character_set_client      = @saved_cs_client */;
/*!50001 SET character_set_results     = @saved_cs_results */;
/*!50001 SET collation_connection      = @saved_col_connection */;
/*!40103 SET TIME_ZONE=@OLD_TIME_ZONE */;

/*!40101 SET SQL_MODE=@OLD_SQL_MODE */;
/*!40014 SET FOREIGN_KEY_CHECKS=@OLD_FOREIGN_KEY_CHECKS */;
/*!40014 SET UNIQUE_CHECKS=@OLD_UNIQUE_CHECKS */;
/*!40101 SET CHARACTER_SET_CLIENT=@OLD_CHARACTER_SET_CLIENT */;
/*!40101 SET CHARACTER_SET_RESULTS=@OLD_CHARACTER_SET_RESULTS */;
/*!40101 SET COLLATION_CONNECTION=@OLD_COLLATION_CONNECTION */;
/*!40111 SET SQL_NOTES=@OLD_SQL_NOTES */;

-- Dump completed on 2021-09-08 19:07:30
